index,category,query,photo_id,alt_description,photographer_name,photographer_profile,unsplash_page,download_url,local_file,host
1,family,family kids portrait,wa8Vb6On37Q,Family posing for a picture with a pond,Hoi An and Da Nang Photographer,https://unsplash.com/@hoianphotographer,https://unsplash.com/photos/family-posing-for-a-picture-with-a-pond-wa8Vb6On37Q,https://images.unsplash.com/photo-1769672774209-73ce5964bced?ixid=M3wxMjA3fDB8MXxzZWFyY2h8Mnx8ZmFtaWx5JTIwa2lkcyUyMHBvcnRyYWl0fGVufDB8MXx8fDE3NzU3Njc1Mjd8MA&ixlib=rb-4.1.0&w=1600&fit=max&fm=jpg&q=80&auto=format,01-family-wa8Vb6On37Q.jpg,images.unsplash.com
2,family,family kids portrait,HM1YFe2U4Qc,Family enjoying a sunny day outdoors with child on shoulders,Hoi An and Da Nang Photographer,https://unsplash.com/@hoianphotographer,https://unsplash.com/photos/family-enjoying-a-sunny-day-outdoors-with-child-on-shoulders-HM1YFe2U4Qc,https://images.unsplash.com/photo-1772510583798-1ca6575c71cd?ixid=M3wxMjA3fDB8MXxzZWFyY2h8M3x8ZmFtaWx5JTIwa2lkcyUyMHBvcnRyYWl0fGVufDB8MXx8fDE3NzU3Njc1Mjd8MA&ixlib=rb-4.1.0&w=1600&fit=max&fm=jpg&q=80&auto=format,02-family-HM1YFe2U4Qc.jpg,images.unsplash.com
3,family,family kids portrait,-75ZH3qgFKg,a little boy standing next to a woman,Kyle Nieber,https://unsplash.com/@kylenieber,https://unsplash.com/photos/a-little-boy-standing-next-to-a-woman--75ZH3qgFKg,https://images.unsplash.com/photo-1637878314356-9f3b0338bc7c?ixid=M3wxMjA3fDB8MXxzZWFyY2h8NHx8ZmFtaWx5JTIwa2lkcyUyMHBvcnRyYWl0fGVufDB8MXx8fDE3NzU3Njc1Mjd8MA&ixlib=rb-4.1.0&w=1600&fit=max&fm=jpg&q=80&auto=format,03-family--75ZH3qgFKg.jpg,images.unsplash.com
4,family,family kids portrait,uA3eOWuQqOc,A happy family posing for a photo,Hoi An and Da Nang Photographer,https://unsplash.com/@hoianphotographer,https://unsplash.com/photos/a-happy-family-posing-for-a-photo-uA3eOWuQqOc,https://images.unsplash.com/photo-1769673051638-f508eb8b7591?ixid=M3wxMjA3fDB8MXxzZWFyY2h8Nnx8ZmFtaWx5JTIwa2lkcyUyMHBvcnRyYWl0fGVufDB8MXx8fDE3NzU3Njc1Mjd8MA&ixlib=rb-4.1.0&w=1600&fit=max&fm=jpg&q=80&auto=format,04-family-uA3eOWuQqOc.jpg,images.unsplash.com
5,family,family kids portrait,WUFIgDLrzQ8,A family with a young child posing for a photo.,Hoi An and Da Nang Photographer,https://unsplash.com/@hoianphotographer,https://unsplash.com/photos/a-family-with-a-young-child-posing-for-a-photo-WUFIgDLrzQ8,https://images.unsplash.com/photo-1769672773321-7f051263cebf?ixid=M3wxMjA3fDB8MXxzZWFyY2h8N3x8ZmFtaWx5JTIwa2lkcyUyMHBvcnRyYWl0fGVufDB8MXx8fDE3NzU3Njc1Mjd8MA&ixlib=rb-4.1.0&w=1600&fit=max&fm=jpg&q=80&auto=format,05-family-WUFIgDLrzQ8.jpg,images.unsplash.com
6,family,family kids portrait,EJsgG9_mtR4,woman in white t-shirt holding baby,Yana Hurska,https://unsplash.com/@yana_hurska,https://unsplash.com/photos/woman-in-white-t-shirt-holding-baby-EJsgG9_mtR4,https://images.unsplash.com/photo-1622484209734-3a990f1abbc0?ixid=M3wxMjA3fDB8MXxzZWFyY2h8MTV8fGZhbWlseSUyMGtpZHMlMjBwb3J0cmFpdHxlbnwwfDF8fHwxNzc1NzY3NTI3fDA&ixlib=rb-4.1.0&w=1600&fit=max&fm=jpg&q=80&auto=format,06-family-EJsgG9_mtR4.jpg,images.unsplash.com
7,family,family kids portrait,rpOa7uF3UL4,boy in black and white crew neck shirt,🇸🇮 Janko Ferlič,https://unsplash.com/@itfeelslikefilm,https://unsplash.com/photos/boy-in-black-and-white-crew-neck-shirt-rpOa7uF3UL4,https://images.unsplash.com/photo-1584277899644-95e4e1273719?ixid=M3wxMjA3fDB8MXxzZWFyY2h8MTZ8fGZhbWlseSUyMGtpZHMlMjBwb3J0cmFpdHxlbnwwfDF8fHwxNzc1NzY3NTI3fDA&ixlib=rb-4.1.0&w=1600&fit=max&fm=jpg&q=80&auto=format,07-family-rpOa7uF3UL4.jpg,images.unsplash.com
8,family,family kids portrait,J8tt6-cDee4,a woman holding a baby in her arms,Philip White,https://unsplash.com/@philipwhite,https://unsplash.com/photos/a-woman-holding-a-baby-in-her-arms-J8tt6-cDee4,https://images.unsplash.com/photo-1684459631796-15c1bb30c8ab?ixid=M3wxMjA3fDB8MXxzZWFyY2h8MjZ8fGZhbWlseSUyMGtpZHMlMjBwb3J0cmFpdHxlbnwwfDF8fHwxNzc1NzY3NTI3fDA&ixlib=rb-4.1.0&w=1600&fit=max&fm=jpg&q=80&auto=format,08-family-J8tt6-cDee4.jpg,images.unsplash.com
9,family,family kids portrait,1eA2_18Mazc,a woman holding the hand of a little girl,Dani Nantais,https://unsplash.com/@shottbydani,https://unsplash.com/photos/a-woman-holding-the-hand-of-a-little-girl-1eA2_18Mazc,https://images.unsplash.com/photo-1626967503552-eba7568c4307?ixid=M3wxMjA3fDB8MXxzZWFyY2h8MzF8fGZhbWlseSUyMGtpZHMlMjBwb3J0cmFpdHxlbnwwfDF8fHwxNzc1NzY3NTI3fDA&ixlib=rb-4.1.0&w=1600&fit=max&fm=jpg&q=80&auto=format,09-family-1eA2_18Mazc.jpg,images.unsplash.com
10,family,family kids portrait,OdSfIy_Ft8s,a person and a girl posing for the camera,Sehajpal Singh,https://unsplash.com/@fujix_pal,https://unsplash.com/photos/a-person-and-a-girl-posing-for-the-camera-OdSfIy_Ft8s,https://images.unsplash.com/photo-1651588933954-760dc0388e55?ixid=M3wxMjA3fDB8MXxzZWFyY2h8NDB8fGZhbWlseSUyMGtpZHMlMjBwb3J0cmFpdHxlbnwwfDF8fHwxNzc1NzY3NTI3fDA&ixlib=rb-4.1.0&w=1600&fit=max&fm=jpg&q=80&auto=format,10-family-OdSfIy_Ft8s.jpg,images.unsplash.com
11,family,family kids portrait,84N0eVJJuPM,A baby with parents sitting outdoors on grassy terrain.,Alexander Mass,https://unsplash.com/@alexandermassph,https://unsplash.com/photos/a-baby-with-parents-sitting-outdoors-on-grassy-terrain-84N0eVJJuPM,https://images.unsplash.com/photo-1770261431269-c6d3f2813f85?ixid=M3wxMjA3fDB8MXxzZWFyY2h8NDR8fGZhbWlseSUyMGtpZHMlMjBwb3J0cmFpdHxlbnwwfDF8fHwxNzc1NzY3NTI4fDA&ixlib=rb-4.1.0&w=1600&fit=max&fm=jpg&q=80&auto=format,11-family-84N0eVJJuPM.jpg,images.unsplash.com
12,family,family kids portrait,t5juxkBrQwY,A family poses outdoors with a child on shoulders.,Alexander Mass,https://unsplash.com/@alexandermassph,https://unsplash.com/photos/a-family-poses-outdoors-with-a-child-on-shoulders-t5juxkBrQwY,https://images.unsplash.com/photo-1770261430912-950fe9f43599?ixid=M3wxMjA3fDB8MXxzZWFyY2h8NDd8fGZhbWlseSUyMGtpZHMlMjBwb3J0cmFpdHxlbnwwfDF8fHwxNzc1NzY3NTI4fDA&ixlib=rb-4.1.0&w=1600&fit=max&fm=jpg&q=80&auto=format,12-family-t5juxkBrQwY.jpg,images.unsplash.com
13,family,family kids portrait,-voyJ5MBnnE,a person holding a baby,Rendy Novantino,https://unsplash.com/@novantino,https://unsplash.com/photos/a-person-holding-a-baby--voyJ5MBnnE,https://images.unsplash.com/photo-1663045281813-c7407a6ec613?ixid=M3wxMjA3fDB8MXxzZWFyY2h8NTB8fGZhbWlseSUyMGtpZHMlMjBwb3J0cmFpdHxlbnwwfDF8fHwxNzc1NzY3NTI4fDA&ixlib=rb-4.1.0&w=1600&fit=max&fm=jpg&q=80&auto=format,13-family--voyJ5MBnnE.jpg,images.unsplash.com
14,family,siblings portrait,bpKd0gKFV1w,a young boy laying on top of a bed next to a baby,Kin Li,https://unsplash.com/@kinli,https://unsplash.com/photos/a-young-boy-laying-on-top-of-a-bed-next-to-a-baby-bpKd0gKFV1w,https://images.unsplash.com/photo-1638082375938-ef7d55856ff8?ixid=M3wxMjA3fDB8MXxzZWFyY2h8Mnx8c2libGluZ3MlMjBwb3J0cmFpdHxlbnwwfDF8fHwxNzc1NzY3NTI4fDA&ixlib=rb-4.1.0&w=1600&fit=max&fm=jpg&q=80&auto=format,14-family-bpKd0gKFV1w.jpg,images.unsplash.com
15,family,siblings portrait,eHOZjZEx7u8,boy in black t-shirt hugging girl in red and white polka dot dress,Patty Brito,https://unsplash.com/@pattybphoto,https://unsplash.com/photos/boy-in-black-t-shirt-hugging-girl-in-red-and-white-polka-dot-dress-eHOZjZEx7u8,https://images.unsplash.com/photo-1605713288610-00c1c630ca1e?ixid=M3wxMjA3fDB8MXxzZWFyY2h8M3x8c2libGluZ3MlMjBwb3J0cmFpdHxlbnwwfDF8fHwxNzc1NzY3NTI4fDA&ixlib=rb-4.1.0&w=1600&fit=max&fm=jpg&q=80&auto=format,15-family-eHOZjZEx7u8.jpg,images.unsplash.com
16,family,siblings portrait,0oZ7Nas7x4Q,man in brown shirt lying beside woman in black and white floral dress,Muhammad Taha Khan,https://unsplash.com/@mtahakhan,https://unsplash.com/photos/man-in-brown-shirt-lying-beside-woman-in-black-and-white-floral-dress-0oZ7Nas7x4Q,https://images.unsplash.com/photo-1590312626710-857f2c32d888?ixid=M3wxMjA3fDB8MXxzZWFyY2h8NHx8c2libGluZ3MlMjBwb3J0cmFpdHxlbnwwfDF8fHwxNzc1NzY3NTI4fDA&ixlib=rb-4.1.0&w=1600&fit=max&fm=jpg&q=80&auto=format,16-family-0oZ7Nas7x4Q.jpg,images.unsplash.com
17,family,siblings portrait,UFa5y0XKt9c,a black and white photo of two children on a chair,Galt Museum & Archives,https://unsplash.com/@galtmuseum,https://unsplash.com/photos/a-black-and-white-photo-of-two-children-on-a-chair-UFa5y0XKt9c,https://images.unsplash.com/photo-1679083889834-ef33f5c89fa3?ixid=M3wxMjA3fDB8MXxzZWFyY2h8Nnx8c2libGluZ3MlMjBwb3J0cmFpdHxlbnwwfDF8fHwxNzc1NzY3NTI4fDA&ixlib=rb-4.1.0&w=1600&fit=max&fm=jpg&q=80&auto=format,17-family-UFa5y0XKt9c.jpg,images.unsplash.com
18,family,siblings portrait,tnETOdMYZfg,Brother and sister hugging in a grassy field,Jennifer Kalenberg,https://unsplash.com/@jkalen71,https://unsplash.com/photos/brother-and-sister-hugging-in-a-grassy-field-tnETOdMYZfg,https://images.unsplash.com/photo-1773007784390-926f75d5248d?ixid=M3wxMjA3fDB8MXxzZWFyY2h8MTB8fHNpYmxpbmdzJTIwcG9ydHJhaXR8ZW58MHwxfHx8MTc3NTc2NzUyOHww&ixlib=rb-4.1.0&w=1600&fit=max&fm=jpg&q=80&auto=format,18-family-tnETOdMYZfg.jpg,images.unsplash.com
19,kids,child portrait,Ac5sm2yOLFc,woman with brown hair looking up,shahin khalaji,https://unsplash.com/@shahinkhalaji,https://unsplash.com/photos/woman-with-brown-hair-looking-up-Ac5sm2yOLFc,https://images.unsplash.com/photo-1595280983913-0d2e57a2fc43?ixid=M3wxMjA3fDB8MXxzZWFyY2h8M3x8Y2hpbGQlMjBwb3J0cmFpdHxlbnwwfDF8fHwxNzc1NzY3NTI5fDA&ixlib=rb-4.1.0&w=1600&fit=max&fm=jpg&q=80&auto=format,19-kids-Ac5sm2yOLFc.jpg,images.unsplash.com
20,kids,child portrait,n9R0MN3XGvY,selective focus photo of boy standing on grey pavement,Terricks Noah,https://unsplash.com/@major001,https://unsplash.com/photos/selective-focus-photo-of-boy-standing-on-grey-pavement-n9R0MN3XGvY,https://images.unsplash.com/photo-1519238263530-99bdd11df2ea?ixid=M3wxMjA3fDB8MXxzZWFyY2h8NHx8Y2hpbGQlMjBwb3J0cmFpdHxlbnwwfDF8fHwxNzc1NzY3NTI5fDA&ixlib=rb-4.1.0&w=1600&fit=max&fm=jpg&q=80&auto=format,20-kids-n9R0MN3XGvY.jpg,images.unsplash.com
21,kids,child portrait,40Ku-6znIdU,a young boy is smiling through the bars of a fence,Mike Cox,https://unsplash.com/@iprefermike,https://unsplash.com/photos/a-young-boy-is-smiling-through-the-bars-of-a-fence-40Ku-6znIdU,https://images.unsplash.com/photo-1690639866830-ee4d95b89718?ixid=M3wxMjA3fDB8MXxzZWFyY2h8Nnx8Y2hpbGQlMjBwb3J0cmFpdHxlbnwwfDF8fHwxNzc1NzY3NTI5fDA&ixlib=rb-4.1.0&w=1600&fit=max&fm=jpg&q=80&auto=format,21-kids-40Ku-6znIdU.jpg,images.unsplash.com
22,kids,child portrait,RDQl9ZX5Yq8,boy in gray crew neck shirt,Alexander Grey,https://unsplash.com/@sharonmccutcheon,https://unsplash.com/photos/boy-in-gray-crew-neck-shirt-RDQl9ZX5Yq8,https://images.unsplash.com/photo-1608734265656-f035d3e7bcbf?ixid=M3wxMjA3fDB8MXxzZWFyY2h8N3x8Y2hpbGQlMjBwb3J0cmFpdHxlbnwwfDF8fHwxNzc1NzY3NTI5fDA&ixlib=rb-4.1.0&w=1600&fit=max&fm=jpg&q=80&auto=format,22-kids-RDQl9ZX5Yq8.jpg,images.unsplash.com
23,kids,child portrait,jxFtn0SE12A,a young boy leaning on a wall looking at the camera,Abdullah Raafat,https://unsplash.com/@abdullahraafat98,https://unsplash.com/photos/a-young-boy-leaning-on-a-wall-looking-at-the-camera-jxFtn0SE12A,https://images.unsplash.com/photo-1678923685297-0ade9816275e?ixid=M3wxMjA3fDB8MXxzZWFyY2h8OHx8Y2hpbGQlMjBwb3J0cmFpdHxlbnwwfDF8fHwxNzc1NzY3NTI5fDA&ixlib=rb-4.1.0&w=1600&fit=max&fm=jpg&q=80&auto=format,23-kids-jxFtn0SE12A.jpg,images.unsplash.com
24,kids,child portrait,0kBytdDsaXc,grayscale photography of boy holding bear plush toy,Katrina Knapp,https://unsplash.com/@katrina_k,https://unsplash.com/photos/grayscale-photography-of-boy-holding-bear-plush-toy-0kBytdDsaXc,https://images.unsplash.com/flagged/photo-1551600466-464bbbbd15f9?ixid=M3wxMjA3fDB8MXxzZWFyY2h8MTB8fGNoaWxkJTIwcG9ydHJhaXR8ZW58MHwxfHx8MTc3NTc2NzUyOXww&ixlib=rb-4.1.0&w=1600&fit=max&fm=jpg&q=80&auto=format,24-kids-0kBytdDsaXc.jpg,images.unsplash.com
25,kids,child portrait,r2g0RhcixOM,a close up of a child with a hoodie on,Richard Stachmann,https://unsplash.com/@stachmann,https://unsplash.com/photos/a-close-up-of-a-child-with-a-hoodie-on-r2g0RhcixOM,https://images.unsplash.com/photo-1676617081201-b922453dcd48?ixid=M3wxMjA3fDB8MXxzZWFyY2h8MTF8fGNoaWxkJTIwcG9ydHJhaXR8ZW58MHwxfHx8MTc3NTc2NzUyOXww&ixlib=rb-4.1.0&w=1600&fit=max&fm=jpg&q=80&auto=format,25-kids-r2g0RhcixOM.jpg,images.unsplash.com
26,kids,child portrait,WpS6pI9X08A,a young girl holding a plant in her hands,Ehsan Eslami,https://unsplash.com/@ehsaneslami,https://unsplash.com/photos/a-young-girl-holding-a-plant-in-her-hands-WpS6pI9X08A,https://images.unsplash.com/photo-1646039254748-78649b967501?ixid=M3wxMjA3fDB8MXxzZWFyY2h8MTJ8fGNoaWxkJTIwcG9ydHJhaXR8ZW58MHwxfHx8MTc3NTc2NzUyOXww&ixlib=rb-4.1.0&w=1600&fit=max&fm=jpg&q=80&auto=format,26-kids-WpS6pI9X08A.jpg,images.unsplash.com
27,kids,child portrait,9aR_C2KpB_Y,a black and white photo of a young boy,Leroy Skalstad,https://unsplash.com/@leroy_skalstad,https://unsplash.com/photos/a-black-and-white-photo-of-a-young-boy-9aR_C2KpB_Y,https://images.unsplash.com/photo-1699903905361-4d408679753f?ixid=M3wxMjA3fDB8MXxzZWFyY2h8MTR8fGNoaWxkJTIwcG9ydHJhaXR8ZW58MHwxfHx8MTc3NTc2NzUyOXww&ixlib=rb-4.1.0&w=1600&fit=max&fm=jpg&q=80&auto=format,27-kids-9aR_C2KpB_Y.jpg,images.unsplash.com
28,kids,child portrait,TKzRZ-suDAc,Young boy standing in a park with trees.,asif sharif,https://unsplash.com/@asifsharif,https://unsplash.com/photos/young-boy-standing-in-a-park-with-trees-TKzRZ-suDAc,https://images.unsplash.com/photo-1754623034722-040225962671?ixid=M3wxMjA3fDB8MXxzZWFyY2h8MTZ8fGNoaWxkJTIwcG9ydHJhaXR8ZW58MHwxfHx8MTc3NTc2NzUyOXww&ixlib=rb-4.1.0&w=1600&fit=max&fm=jpg&q=80&auto=format,28-kids-TKzRZ-suDAc.jpg,images.unsplash.com
29,kids,child portrait,bpVMoLr0cdc,Baby sitting on green grass in a park.,asif sharif,https://unsplash.com/@asifsharif,https://unsplash.com/photos/baby-sitting-on-green-grass-in-a-park-bpVMoLr0cdc,https://images.unsplash.com/photo-1754623034737-805e6300a94e?ixid=M3wxMjA3fDB8MXxzZWFyY2h8MTh8fGNoaWxkJTIwcG9ydHJhaXR8ZW58MHwxfHx8MTc3NTc2NzUyOXww&ixlib=rb-4.1.0&w=1600&fit=max&fm=jpg&q=80&auto=format,29-kids-bpVMoLr0cdc.jpg,images.unsplash.com
30,kids,child portrait,vwqRT8wST4s,Baby girl sitting on green grass in a park.,asif sharif,https://unsplash.com/@asifsharif,https://unsplash.com/photos/baby-girl-sitting-on-green-grass-in-a-park-vwqRT8wST4s,https://images.unsplash.com/photo-1754623034743-b2aa614da960?ixid=M3wxMjA3fDB8MXxzZWFyY2h8MTl8fGNoaWxkJTIwcG9ydHJhaXR8ZW58MHwxfHx8MTc3NTc2NzUyOXww&ixlib=rb-4.1.0&w=1600&fit=max&fm=jpg&q=80&auto=format,30-kids-vwqRT8wST4s.jpg,images.unsplash.com
31,kids,child portrait,XElzSkhBd4g,a person sitting on a table,Blake Cheek,https://unsplash.com/@blakecheekk,https://unsplash.com/photos/a-person-sitting-on-a-table-XElzSkhBd4g,https://images.unsplash.com/photo-1654027879796-b9dee8caabb6?ixid=M3wxMjA3fDB8MXxzZWFyY2h8MjB8fGNoaWxkJTIwcG9ydHJhaXR8ZW58MHwxfHx8MTc3NTc2NzUyOXww&ixlib=rb-4.1.0&w=1600&fit=max&fm=jpg&q=80&auto=format,31-kids-XElzSkhBd4g.jpg,images.unsplash.com
32,kids,child portrait,Ulpl45vyXhM,girl in red and white long sleeve shirt eating,Hao Zhang,https://unsplash.com/@haozlife,https://unsplash.com/photos/girl-in-red-and-white-long-sleeve-shirt-eating-Ulpl45vyXhM,https://images.unsplash.com/photo-1606376432158-71d94ed0bf5d?ixid=M3wxMjA3fDB8MXxzZWFyY2h8MjJ8fGNoaWxkJTIwcG9ydHJhaXR8ZW58MHwxfHx8MTc3NTc2NzUyOXww&ixlib=rb-4.1.0&w=1600&fit=max&fm=jpg&q=80&auto=format,32-kids-Ulpl45vyXhM.jpg,images.unsplash.com
33,kids,child portrait,cWxCPXZc7V8,a black and white photo of a young boy,Shakib Uzzaman,https://unsplash.com/@shakib2777,https://unsplash.com/photos/a-black-and-white-photo-of-a-young-boy-cWxCPXZc7V8,https://images.unsplash.com/photo-1689529024223-b1230f7f90ed?ixid=M3wxMjA3fDB8MXxzZWFyY2h8MjN8fGNoaWxkJTIwcG9ydHJhaXR8ZW58MHwxfHx8MTc3NTc2NzUyOXww&ixlib=rb-4.1.0&w=1600&fit=max&fm=jpg&q=80&auto=format,33-kids-cWxCPXZc7V8.jpg,images.unsplash.com
34,kids,child portrait,MVdFmjGG990,boy in blue button up shirt,Malik Naveed Photography,https://unsplash.com/@maliknaveedphotography,https://unsplash.com/photos/boy-in-blue-button-up-shirt-MVdFmjGG990,https://images.unsplash.com/photo-1631040651289-703d4e435573?ixid=M3wxMjA3fDB8MXxzZWFyY2h8MjR8fGNoaWxkJTIwcG9ydHJhaXR8ZW58MHwxfHx8MTc3NTc2NzUyOXww&ixlib=rb-4.1.0&w=1600&fit=max&fm=jpg&q=80&auto=format,34-kids-MVdFmjGG990.jpg,images.unsplash.com
35,pets,dog portrait,x5oPmHmY3kQ,Golden Retriever,Victor G,https://unsplash.com/@victor_vector,https://unsplash.com/photos/golden-retriever-x5oPmHmY3kQ,https://images.unsplash.com/photo-1558788353-f76d92427f16?ixid=M3wxMjA3fDB8MXxzZWFyY2h8Mnx8ZG9nJTIwcG9ydHJhaXR8ZW58MHwxfHx8MTc3NTc2NzUzMHww&ixlib=rb-4.1.0&w=1600&fit=max&fm=jpg&q=80&auto=format,35-pets-x5oPmHmY3kQ.jpg,images.unsplash.com
36,pets,dog portrait,7Dn0hmvnCh8,brown short coated dog looking at the camera,Cole Wyland,https://unsplash.com/@cole_wyland_24,https://unsplash.com/photos/brown-short-coated-dog-looking-at-the-camera-7Dn0hmvnCh8,https://images.unsplash.com/photo-1581562444313-98be7b621dc2?ixid=M3wxMjA3fDB8MXxzZWFyY2h8M3x8ZG9nJTIwcG9ydHJhaXR8ZW58MHwxfHx8MTc3NTc2NzUzMHww&ixlib=rb-4.1.0&w=1600&fit=max&fm=jpg&q=80&auto=format,36-pets-7Dn0hmvnCh8.jpg,images.unsplash.com
37,pets,dog portrait,nwe2qgAhT4k,white and brown long coated small dog on green textile,Karsten Winegeart,https://unsplash.com/@karsten116,https://unsplash.com/photos/white-and-brown-long-coated-small-dog-on-green-textile-nwe2qgAhT4k,https://images.unsplash.com/photo-1629740067905-bd3f515aa739?ixid=M3wxMjA3fDB8MXxzZWFyY2h8NHx8ZG9nJTIwcG9ydHJhaXR8ZW58MHwxfHx8MTc3NTc2NzUzMHww&ixlib=rb-4.1.0&w=1600&fit=max&fm=jpg&q=80&auto=format,37-pets-nwe2qgAhT4k.jpg,images.unsplash.com
38,pets,dog portrait,tycZhR54Ddk,brown and white corgi puppy,Ivana La,https://unsplash.com/@heyhoneybunny,https://unsplash.com/photos/brown-and-white-corgi-puppy-tycZhR54Ddk,https://images.unsplash.com/photo-1612940960267-4549a58fb257?ixid=M3wxMjA3fDB8MXxzZWFyY2h8Nnx8ZG9nJTIwcG9ydHJhaXR8ZW58MHwxfHx8MTc3NTc2NzUzMHww&ixlib=rb-4.1.0&w=1600&fit=max&fm=jpg&q=80&auto=format,38-pets-tycZhR54Ddk.jpg,images.unsplash.com
39,pets,dog portrait,BhYlxZ5cKmc,A dog sitting on top of a black box,Jane Thomson,https://unsplash.com/@janethomson,https://unsplash.com/photos/a-dog-sitting-on-top-of-a-black-box-BhYlxZ5cKmc,https://images.unsplash.com/photo-1724367236214-e4f50691c27c?ixid=M3wxMjA3fDB8MXxzZWFyY2h8N3x8ZG9nJTIwcG9ydHJhaXR8ZW58MHwxfHx8MTc3NTc2NzUzMHww&ixlib=rb-4.1.0&w=1600&fit=max&fm=jpg&q=80&auto=format,39-pets-BhYlxZ5cKmc.jpg,images.unsplash.com
40,pets,dog portrait,pw2eI1iVNgk,A black and brown dog sitting on top of a table,Jane Thomson,https://unsplash.com/@janethomson,https://unsplash.com/photos/a-black-and-brown-dog-sitting-on-top-of-a-table-pw2eI1iVNgk,https://images.unsplash.com/photo-1724367281416-cf18867ad712?ixid=M3wxMjA3fDB8MXxzZWFyY2h8OHx8ZG9nJTIwcG9ydHJhaXR8ZW58MHwxfHx8MTc3NTc2NzUzMHww&ixlib=rb-4.1.0&w=1600&fit=max&fm=jpg&q=80&auto=format,40-pets-pw2eI1iVNgk.jpg,images.unsplash.com
41,pets,dog portrait,K4mSJ7kc0As,black dog wearing blue denim collar,charlesdeluvio,https://unsplash.com/@charlesdeluvio,https://unsplash.com/photos/black-dog-wearing-blue-denim-collar-K4mSJ7kc0As,https://images.unsplash.com/photo-1518020382113-a7e8fc38eac9?ixid=M3wxMjA3fDB8MXxzZWFyY2h8MTB8fGRvZyUyMHBvcnRyYWl0fGVufDB8MXx8fDE3NzU3Njc1MzB8MA&ixlib=rb-4.1.0&w=1600&fit=max&fm=jpg&q=80&auto=format,41-pets-K4mSJ7kc0As.jpg,images.unsplash.com
42,pets,dog portrait,vXjNwYi2B8M,white long coated dog lying on red textile,Jay Wennington,https://unsplash.com/@jaywennington,https://unsplash.com/photos/white-long-coated-dog-lying-on-red-textile-vXjNwYi2B8M,https://images.unsplash.com/photo-1582001961959-aa434d61c708?ixid=M3wxMjA3fDB8MXxzZWFyY2h8MTF8fGRvZyUyMHBvcnRyYWl0fGVufDB8MXx8fDE3NzU3Njc1MzB8MA&ixlib=rb-4.1.0&w=1600&fit=max&fm=jpg&q=80&auto=format,42-pets-vXjNwYi2B8M.jpg,images.unsplash.com
43,pets,dog portrait,5_nJw3UUgpQ,blue weimariner,Cristofer Maximilian,https://unsplash.com/@cristofer,https://unsplash.com/photos/blue-weimariner-5_nJw3UUgpQ,https://images.unsplash.com/photo-1566710582818-d673dc761201?ixid=M3wxMjA3fDB8MXxzZWFyY2h8MTJ8fGRvZyUyMHBvcnRyYWl0fGVufDB8MXx8fDE3NzU3Njc1MzB8MA&ixlib=rb-4.1.0&w=1600&fit=max&fm=jpg&q=80&auto=format,43-pets-5_nJw3UUgpQ.jpg,images.unsplash.com
44,pets,dog portrait,VzG64C5T7p4,adult Boston terrier sitting on white surface,Angelos Michalopoulos,https://unsplash.com/@angelovisuals,https://unsplash.com/photos/adult-boston-terrier-sitting-on-white-surface-VzG64C5T7p4,https://images.unsplash.com/photo-1531842477197-54acf89bff98?ixid=M3wxMjA3fDB8MXxzZWFyY2h8MTR8fGRvZyUyMHBvcnRyYWl0fGVufDB8MXx8fDE3NzU3Njc1MzB8MA&ixlib=rb-4.1.0&w=1600&fit=max&fm=jpg&q=80&auto=format,44-pets-VzG64C5T7p4.jpg,images.unsplash.com
45,pets,dog portrait,JKdIHsDLAu8,a white dog with a black vest on,Daniel Yakubu,https://unsplash.com/@yakubudo,https://unsplash.com/photos/a-white-dog-with-a-black-vest-on-JKdIHsDLAu8,https://images.unsplash.com/photo-1714090547790-1c94babab0a9?ixid=M3wxMjA3fDB8MXxzZWFyY2h8MTV8fGRvZyUyMHBvcnRyYWl0fGVufDB8MXx8fDE3NzU3Njc1MzB8MA&ixlib=rb-4.1.0&w=1600&fit=max&fm=jpg&q=80&auto=format,45-pets-JKdIHsDLAu8.jpg,images.unsplash.com
46,pets,dog portrait,nM4gJR-7RWQ,brown and white short coated dog lying on gray carpet,Clarke Sanders,https://unsplash.com/@clarkecreates,https://unsplash.com/photos/brown-and-white-short-coated-dog-lying-on-gray-carpet-nM4gJR-7RWQ,https://images.unsplash.com/photo-1593620659530-7f98c53de278?ixid=M3wxMjA3fDB8MXxzZWFyY2h8MTZ8fGRvZyUyMHBvcnRyYWl0fGVufDB8MXx8fDE3NzU3Njc1MzB8MA&ixlib=rb-4.1.0&w=1600&fit=max&fm=jpg&q=80&auto=format,46-pets-nM4gJR-7RWQ.jpg,images.unsplash.com
47,pets,dog portrait,9Iod_2fmhu4,black white and brown short coated dog,Kabo,https://unsplash.com/@kabofoods,https://unsplash.com/photos/black-white-and-brown-short-coated-dog-9Iod_2fmhu4,https://images.unsplash.com/photo-1596490634801-c536934af56e?ixid=M3wxMjA3fDB8MXxzZWFyY2h8MTh8fGRvZyUyMHBvcnRyYWl0fGVufDB8MXx8fDE3NzU3Njc1MzB8MA&ixlib=rb-4.1.0&w=1600&fit=max&fm=jpg&q=80&auto=format,47-pets-9Iod_2fmhu4.jpg,images.unsplash.com
48,pets,dog portrait,qdBrQB_WdmA,black and tan german shepherd,AcidFern,https://unsplash.com/@acidfern,https://unsplash.com/photos/black-and-tan-german-shepherd-qdBrQB_WdmA,https://images.unsplash.com/photo-1610968755695-d7fcb5fd4b92?ixid=M3wxMjA3fDB8MXxzZWFyY2h8MTl8fGRvZyUyMHBvcnRyYWl0fGVufDB8MXx8fDE3NzU3Njc1MzB8MA&ixlib=rb-4.1.0&w=1600&fit=max&fm=jpg&q=80&auto=format,48-pets-qdBrQB_WdmA.jpg,images.unsplash.com
49,pets,dog portrait,cwwwHfTytSI,a husky dog sitting on a white couch,Elin Birgisdottir,https://unsplash.com/@elinbirgis,https://unsplash.com/photos/a-husky-dog-sitting-on-a-white-couch-cwwwHfTytSI,https://images.unsplash.com/photo-1689248762670-0bbbd4be1411?ixid=M3wxMjA3fDB8MXxzZWFyY2h8MjB8fGRvZyUyMHBvcnRyYWl0fGVufDB8MXx8fDE3NzU3Njc1MzB8MA&ixlib=rb-4.1.0&w=1600&fit=max&fm=jpg&q=80&auto=format,49-pets-cwwwHfTytSI.jpg,images.unsplash.com
50,pets,dog portrait,qHfPFK16PeM,golden retriever with blue background,Tony Heally,https://unsplash.com/@tugnelson,https://unsplash.com/photos/golden-retriever-with-blue-background-qHfPFK16PeM,https://images.unsplash.com/photo-1594592237655-9f7e51330b93?ixid=M3wxMjA3fDB8MXxzZWFyY2h8MjJ8fGRvZyUyMHBvcnRyYWl0fGVufDB8MXx8fDE3NzU3Njc1MzF8MA&ixlib=rb-4.1.0&w=1600&fit=max&fm=jpg&q=80&auto=format,50-pets-qHfPFK16PeM.jpg,images.unsplash.com
